r,avg. time, variance
1,7694996.249000003,2.1156772123275723E11
2,1.5079833043099955E7,4.294207652882892E11
3,2.2796386519700047E7,8.013802924296106E11
4,3.0279360232000012E7,8.952050328443608E11
5,3.735593525999985E7,9.446572530973816E11
6,4.5225281588700056E7,2.2045437914714873E12
7,5.223790369979997E7,1.4703194449277605E12
8,5.9847457689800136E7,1.959281847358378E12
9,6.723536940319973E7,2.486900640957681E12
10,7.500880401510017E7,3.211950253681185E12
