r,avg. time, variance
1,1291979,1.22453859E13
2,1564928,6.2578315E10
3,2543229,7.4632856E10
4,3867121,5.5319695E10
5,5572003,2.61763367E11
6,7532024,2.38280655E11
7,9912869,2.84125962E10
8,12693247,1.206808E11
9,15813635,3.51189598E11
10,19251180,2.80007672E11
