r,avg. time, variance
1,635753.2439,1.4056226939711362E11
2,1293402.3964999977,1.618000796822857E10
3,2336631.720700013,6.1389803951905266E10
4,3670696.8438000022,3.328072654821875E10
5,5422992.077500003,5.568840262983219E10
6,7508788.672999987,7.703058590320113E10
7,9950686.581999974,1.1493023766453592E11
8,1.271907565829998E7,1.96709966377942E11
9,1.5823252951600036E7,1.94532439850108E11
10,1.929137483139999E7,2.757593694909575E11
