r,avg. time, variance
1,762850.3320999997,1.8440551905981566E13
2,1483506.9442999987,3.255554170789146E11
3,2570022.1638999856,2.9247926857110547E11
4,4137832.18300002,1.1449734929988782E12
5,5916531.621899989,1.0264885412351722E12
