r,avg. time, variance
1,390883.24109999964,1.6574657328694067E11
2,519962.40010000084,1.3841092238416435E10
3,502796.97949999967,4.937051303906243E9
4,534188.8857000006,2.58278899649123E10
5,525600.3776999989,1.6578136848530598E10
6,522636.92509999947,8.634803393423847E9
7,529831.5027000026,9.848389868536575E9
8,535453.4114999995,5.24329101809491E10
9,534343.278699999,1.1273703125624832E10
10,551079.6323999991,2.2067121437633633E10
